"Date","Source","Site ID","POC","Daily Max 8-hour Ozone Concentration","Units","Daily AQI Value","Local Site Name","Daily Obs Count","Percent Complete","AQS Parameter Code","AQS Parameter Description","Method Code","CBSA Code","CBSA Name","State FIPS Code","State","County FIPS Code","County","Site Latitude","Site Longitude"
"01/01/2023","AQS","160010010","1","0.03","ppm","28","Meridian - St. Luke's","17","100.0000","44201","Ozone","087","14260","Boise City, ID","16","Idaho","001","Ada","43.600699","-116.347853"
"01/02/2023","AQS","160010010","1","0.028","ppm","26","Meridian - St. Luke's","17","100.0000","44201","Ozone","087","14260","Boise City, ID","16","Idaho","001","Ada","43.600699","-116.347853"
"01/03/2023","AQS","160010010","1","0.021","ppm","19","Meridian - St. Luke's","17","100.0000","44201","Ozone","087","14260","Boise City, ID","16","Idaho","001","Ada","43.600699","-116.347853"
"01/04/2023","AQS","160010010","1","0.031","ppm","29","Meridian - St. Luke's","17","100.0000","44201","Ozone","087","14260","Boise City, ID","16","Idaho","001","Ada","43.600699","-116.347853"
"01/05/2023","AQS","160010010","1","0.023","ppm","21","Meridian - St. Luke's","17","100.0000","44201","Ozone","087","14260","Boise City, ID","16","Idaho","001","Ada","43.600699","-116.347853"
"01/06/2023","AQS","160010010","1","0.022","ppm","20","Meridian - St. Luke's","17","100.0000","44201","Ozone","087","14260","Boise City, ID","16","Idaho","001","Ada","43.600699","-116.347853"
"01/07/2023","AQS","160010010","1","0.033","ppm","31","Meridian - St. Luke's","17","100.0000","44201","Ozone","087","14260","Boise City, ID","16","Idaho","001","Ada","43.600699","-116.347853"
"01/08/2023","AQS","160010010","1","0.034","ppm","31","Meridian - St. Luke's","17","100.0000","44201","Ozone","087","14260","Boise City, ID","16","Idaho","001","Ada","43.600699","-116.347853"
"01/09/2023","AQS","160010010","1","0.033","ppm","31","Meridian - St. Luke's","17","100.0000","44201","Ozone","087","14260","Boise City, ID","16","Idaho","001","Ada","43.600699","-116.347853"
"01/10/2023","AQS","160010010","1","0.012","ppm","11","Meridian - St. Luke's","17","100.0000","44201","Ozone","087","14260","Boise City, ID","16","Idaho","001","Ada","43.600699","-116.347853"
"01/11/2023","AQS","160010010","1","0.031","ppm","29","Meridian - St. Luke's","17","100.0000","44201","Ozone","087","14260","Boise City, ID","16","Idaho","001","Ada","43.600699","-116.347853"
"01/12/2023","AQS","160010010","1","0.032","ppm","30","Meridian - St. Luke's","17","100.0000","44201","Ozone","087","14260","Boise City, ID","16","Idaho","001","Ada","43.600699","-116.347853"
"01/13/2023","AQS","160010010","1","0.031","ppm","29","Meridian - St. Luke's","17","100.0000","44201","Ozone","087","14260","Boise City, ID","16","Idaho","001","Ada","43.600699","-116.347853"
"01/14/2023","AQS","160010010","1","0.036","ppm","33","Meridian - St. Luke's","17","100.0000","44201","Ozone","087","14260","Boise City, ID","16","Idaho","001","Ada","43.600699","-116.347853"
"01/15/2023","AQS","160010010","1","0.034","ppm","31","Meridian - St. Luke's","17","100.0000","44201","Ozone","087","14260","Boise City, ID","16","Idaho","001","Ada","43.600699","-116.347853"
"01/16/2023","AQS","160010010","1","0.022","ppm","20","Meridian - St. Luke's","17","100.0000","44201","Ozone","087","14260","Boise City, ID","16","Idaho","001","Ada","43.600699","-116.347853"
"01/17/2023","AQS","160010010","1","0.031","ppm","29","Meridian - St. Luke's","17","100.0000","44201","Ozone","087","14260","Boise City, ID","16","Idaho","001","Ada","43.600699","-116.347853"
"01/18/2023","AQS","160010010","1","0.03","ppm","28","Meridian - St. Luke's","17","100.0000","44201","Ozone","087","14260","Boise City, ID","16","Idaho","001","Ada","43.600699","-116.347853"
"01/19/2023","AQS","160010010","1","0.032","ppm","30","Meridian - St. Luke's","17","100.0000","44201","Ozone","087","14260","Boise City, ID","16","Idaho","001","Ada","43.600699","-116.347853"
"01/20/2023","AQS","160010010","1","0.031","ppm","29","Meridian - St. Luke's","17","100.0000","44201","Ozone","087","14260","Boise City, ID","16","Idaho","001","Ada","43.600699","-116.347853"
"01/21/2023","AQS","160010010","1","0.033","ppm","31","Meridian - St. Luke's","17","100.0000","44201","Ozone","087","14260","Boise City, ID","16","Idaho","001","Ada","43.600699","-116.347853"
"01/22/2023","AQS","160010010","1","0.03","ppm","28","Meridian - St. Luke's","17","100.0000","44201","Ozone","087","14260","Boise City, ID","16","Idaho","001","Ada","43.600699","-116.347853"
"01/23/2023","AQS","160010010","1","0.028","ppm","26","Meridian - St. Luke's","17","100.0000","44201","Ozone","087","14260","Boise City, ID","16","Idaho","001","Ada","43.600699","-116.347853"
"01/26/2023","AQS","160010010","1","0.027","ppm","25","Meridian - St. Luke's","17","100.0000","44201","Ozone","087","14260","Boise City, ID","16","Idaho","001","Ada","43.600699","-116.347853"
"01/27/2023","AQS","160010010","1","0.029","ppm","27","Meridian - St. Luke's","17","100.0000","44201","Ozone","087","14260","Boise City, ID","16","Idaho","001","Ada","43.600699","-116.347853"
"01/28/2023","AQS","160010010","1","0.033","ppm","31","Meridian - St. Luke's","17","100.0000","44201","Ozone","087","14260","Boise City, ID","16","Idaho","001","Ada","43.600699","-116.347853"
"01/29/2023","AQS","160010010","1","0.031","ppm","29","Meridian - St. Luke's","17","100.0000","44201","Ozone","087","14260","Boise City, ID","16","Idaho","001","Ada","43.600699","-116.347853"
"01/30/2023","AQS","160010010","1","0.026","ppm","24","Meridian - St. Luke's","17","100.0000","44201","Ozone","087","14260","Boise City, ID","16","Idaho","001","Ada","43.600699","-116.347853"
"01/31/2023","AQS","160010010","1","0.028","ppm","26","Meridian - St. Luke's","17","100.0000","44201","Ozone","087","14260","Boise City, ID","16","Idaho","001","Ada","43.600699","-116.347853"
"02/01/2023","AQS","160010010","1","0.03","ppm","28","Meridian - St. Luke's","17","100.0000","44201","Ozone","087","14260","Boise City, ID","16","Idaho","001","Ada","43.600699","-116.347853"
"02/02/2023","AQS","160010010","1","0.031","ppm","29","Meridian - St. Luke's","17","100.0000","44201","Ozone","087","14260","Boise City, ID","16","Idaho","001","Ada","43.600699","-116.347853"
"02/03/2023","AQS","160010010","1","0.024","ppm","22","Meridian - St. Luke's","17","100.0000","44201","Ozone","087","14260","Boise City, ID","16","Idaho","001","Ada","43.600699","-116.347853"
"02/04/2023","AQS","160010010","1","0.033","ppm","31","Meridian - St. Luke's","17","100.0000","44201","Ozone","087","14260","Boise City, ID","16","Idaho","001","Ada","43.600699","-116.347853"
"02/05/2023","AQS","160010010","1","0.038","ppm","35","Meridian - St. Luke's","17","100.0000","44201","Ozone","087","14260","Boise City, ID","16","Idaho","001","Ada","43.600699","-116.347853"
"02/06/2023","AQS","160010010","1","0.037","ppm","34","Meridian - St. Luke's","17","100.0000","44201","Ozone","087","14260","Boise City, ID","16","Idaho","001","Ada","43.600699","-116.347853"
"02/07/2023","AQS","160010010","1","0.03","ppm","28","Meridian - St. Luke's","17","100.0000","44201","Ozone","087","14260","Boise City, ID","16","Idaho","001","Ada","43.600699","-116.347853"
"02/08/2023","AQS","160010010","1","0.041","ppm","38","Meridian - St. Luke's","17","100.0000","44201","Ozone","087","14260","Boise City, ID","16","Idaho","001","Ada","43.600699","-116.347853"
"02/09/2023","AQS","160010010","1","0.037","ppm","34","Meridian - St. Luke's","17","100.0000","44201","Ozone","087","14260","Boise City, ID","16","Idaho","001","Ada","43.600699","-116.347853"
"02/10/2023","AQS","160010010","1","0.038","ppm","35","Meridian - St. Luke's","17","100.0000","44201","Ozone","087","14260","Boise City, ID","16","Idaho","001","Ada","43.600699","-116.347853"
"02/11/2023","AQS","160010010","1","0.037","ppm","34","Meridian - St. Luke's","17","100.0000","44201","Ozone","087","14260","Boise City, ID","16","Idaho","001","Ada","43.600699","-116.347853"
"02/12/2023","AQS","160010010","1","0.038","ppm","35","Meridian - St. Luke's","17","100.0000","44201","Ozone","087","14260","Boise City, ID","16","Idaho","001","Ada","43.600699","-116.347853"
"02/13/2023","AQS","160010010","1","0.034","ppm","31","Meridian - St. Luke's","17","100.0000","44201","Ozone","087","14260","Boise City, ID","16","Idaho","001","Ada","43.600699","-116.347853"
"02/14/2023","AQS","160010010","1","0.036","ppm","33","Meridian - St. Luke's","17","100.0000","44201","Ozone","087","14260","Boise City, ID","16","Idaho","001","Ada","43.600699","-116.347853"
"02/15/2023","AQS","160010010","1","0.037","ppm","34","Meridian - St. Luke's","17","100.0000","44201","Ozone","087","14260","Boise City, ID","16","Idaho","001","Ada","43.600699","-116.347853"
"02/16/2023","AQS","160010010","1","0.035","ppm","32","Meridian - St. Luke's","17","100.0000","44201","Ozone","087","14260","Boise City, ID","16","Idaho","001","Ada","43.600699","-116.347853"
"02/17/2023","AQS","160010010","1","0.036","ppm","33","Meridian - St. Luke's","17","100.0000","44201","Ozone","087","14260","Boise City, ID","16","Idaho","001","Ada","43.600699","-116.347853"
"02/18/2023","AQS","160010010","1","0.027","ppm","25","Meridian - St. Luke's","17","100.0000","44201","Ozone","087","14260","Boise City, ID","16","Idaho","001","Ada","43.600699","-116.347853"
"02/19/2023","AQS","160010010","1","0.035","ppm","32","Meridian - St. Luke's","17","100.0000","44201","Ozone","087","14260","Boise City, ID","16","Idaho","001","Ada","43.600699","-116.347853"
"02/20/2023","AQS","160010010","1","0.035","ppm","32","Meridian - St. Luke's","17","100.0000","44201","Ozone","087","14260","Boise City, ID","16","Idaho","001","Ada","43.600699","-116.347853"
"02/21/2023","AQS","160010010","1","0.04","ppm","37","Meridian - St. Luke's","17","100.0000","44201","Ozone","087","14260","Boise City, ID","16","Idaho","001","Ada","43.600699","-116.347853"
"02/22/2023","AQS","160010010","1","0.035","ppm","32","Meridian - St. Luke's","17","100.0000","44201","Ozone","087","14260","Boise City, ID","16","Idaho","001","Ada","43.600699","-116.347853"
"02/23/2023","AQS","160010010","1","0.036","ppm","33","Meridian - St. Luke's","17","100.0000","44201","Ozone","087","14260","Boise City, ID","16","Idaho","001","Ada","43.600699","-116.347853"
"02/24/2023","AQS","160010010","1","0.038","ppm","35","Meridian - St. Luke's","17","100.0000","44201","Ozone","087","14260","Boise City, ID","16","Idaho","001","Ada","43.600699","-116.347853"
"02/25/2023","AQS","160010010","1","0.04","ppm","37","Meridian - St. Luke's","17","100.0000","44201","Ozone","087","14260","Boise City, ID","16","Idaho","001","Ada","43.600699","-116.347853"
"02/26/2023","AQS","160010010","1","0.026","ppm","24","Meridian - St. Luke's","17","100.0000","44201","Ozone","087","14260","Boise City, ID","16","Idaho","001","Ada","43.600699","-116.347853"
"02/27/2023","AQS","160010010","1","0.038","ppm","35","Meridian - St. Luke's","17","100.0000","44201","Ozone","087","14260","Boise City, ID","16","Idaho","001","Ada","43.600699","-116.347853"
"02/28/2023","AQS","160010010","1","0.038","ppm","35","Meridian - St. Luke's","17","100.0000","44201","Ozone","087","14260","Boise City, ID","16","Idaho","001","Ada","43.600699","-116.347853"
"03/01/2023","AQS","160010010","1","0.04","ppm","37","Meridian - St. Luke's","17","100.0000","44201","Ozone","087","14260","Boise City, ID","16","Idaho","001","Ada","43.600699","-116.347853"
"03/02/2023","AQS","160010010","1","0.037","ppm","34","Meridian - St. Luke's","17","100.0000","44201","Ozone","087","14260","Boise City, ID","16","Idaho","001","Ada","43.600699","-116.347853"
"03/03/2023","AQS","160010010","1","0.042","ppm","39","Meridian - St. Luke's","17","100.0000","44201","Ozone","087","14260","Boise City, ID","16","Idaho","001","Ada","43.600699","-116.347853"
"03/04/2023","AQS","160010010","1","0.043","ppm","40","Meridian - St. Luke's","17","100.0000","44201","Ozone","087","14260","Boise City, ID","16","Idaho","001","Ada","43.600699","-116.347853"
"03/05/2023","AQS","160010010","1","0.043","ppm","40","Meridian - St. Luke's","17","100.0000","44201","Ozone","087","14260","Boise City, ID","16","Idaho","001","Ada","43.600699","-116.347853"
"03/06/2023","AQS","160010010","1","0.041","ppm","38","Meridian - St. Luke's","17","100.0000","44201","Ozone","087","14260","Boise City, ID","16","Idaho","001","Ada","43.600699","-116.347853"
"03/07/2023","AQS","160010010","1","0.042","ppm","39","Meridian - St. Luke's","17","100.0000","44201","Ozone","087","14260","Boise City, ID","16","Idaho","001","Ada","43.600699","-116.347853"
"03/08/2023","AQS","160010010","1","0.041","ppm","38","Meridian - St. Luke's","17","100.0000","44201","Ozone","087","14260","Boise City, ID","16","Idaho","001","Ada","43.600699","-116.347853"
"03/09/2023","AQS","160010010","1","0.044","ppm","41","Meridian - St. Luke's","17","100.0000","44201","Ozone","087","14260","Boise City, ID","16","Idaho","001","Ada","43.600699","-116.347853"
"03/10/2023","AQS","160010010","1","0.045","ppm","42","Meridian - St. Luke's","17","100.0000","44201","Ozone","087","14260","Boise City, ID","16","Idaho","001","Ada","43.600699","-116.347853"
"03/11/2023","AQS","160010010","1","0.042","ppm","39","Meridian - St. Luke's","17","100.0000","44201","Ozone","087","14260","Boise City, ID","16","Idaho","001","Ada","43.600699","-116.347853"
"03/12/2023","AQS","160010010","1","0.042","ppm","39","Meridian - St. Luke's","17","100.0000","44201","Ozone","087","14260","Boise City, ID","16","Idaho","001","Ada","43.600699","-116.347853"
"03/13/2023","AQS","160010010","1","0.034","ppm","31","Meridian - St. Luke's","17","100.0000","44201","Ozone","087","14260","Boise City, ID","16","Idaho","001","Ada","43.600699","-116.347853"
"03/14/2023","AQS","160010010","1","0.036","ppm","33","Meridian - St. Luke's","17","100.0000","44201","Ozone","087","14260","Boise City, ID","16","Idaho","001","Ada","43.600699","-116.347853"
"03/15/2023","AQS","160010010","1","0.044","ppm","41","Meridian - St. Luke's","17","100.0000","44201","Ozone","087","14260","Boise City, ID","16","Idaho","001","Ada","43.600699","-116.347853"
"03/16/2023","AQS","160010010","1","0.042","ppm","39","Meridian - St. Luke's","17","100.0000","44201","Ozone","087","14260","Boise City, ID","16","Idaho","001","Ada","43.600699","-116.347853"
"03/17/2023","AQS","160010010","1","0.045","ppm","42","Meridian - St. Luke's","17","100.0000","44201","Ozone","087","14260","Boise City, ID","16","Idaho","001","Ada","43.600699","-116.347853"
"03/18/2023","AQS","160010010","1","0.054","ppm","50","Meridian - St. Luke's","17","100.0000","44201","Ozone","087","14260","Boise City, ID","16","Idaho","001","Ada","43.600699","-116.347853"
"03/19/2023","AQS","160010010","1","0.049","ppm","45","Meridian - St. Luke's","17","100.0000","44201","Ozone","087","14260","Boise City, ID","16","Idaho","001","Ada","43.600699","-116.347853"
"03/20/2023","AQS","160010010","1","0.042","ppm","39","Meridian - St. Luke's","17","100.0000","44201","Ozone","087","14260","Boise City, ID","16","Idaho","001","Ada","43.600699","-116.347853"
"03/21/2023","AQS","160010010","1","0.039","ppm","36","Meridian - St. Luke's","17","100.0000","44201","Ozone","087","14260","Boise City, ID","16","Idaho","001","Ada","43.600699","-116.347853"
"03/22/2023","AQS","160010010","1","0.042","ppm","39","Meridian - St. Luke's","17","100.0000","44201","Ozone","087","14260","Boise City, ID","16","Idaho","001","Ada","43.600699","-116.347853"
"03/23/2023","AQS","160010010","1","0.04","ppm","37","Meridian - St. Luke's","17","100.0000","44201","Ozone","087","14260","Boise City, ID","16","Idaho","001","Ada","43.600699","-116.347853"
"03/24/2023","AQS","160010010","1","0.043","ppm","40","Meridian - St. Luke's","17","100.0000","44201","Ozone","087","14260","Boise City, ID","16","Idaho","001","Ada","43.600699","-116.347853"
"03/25/2023","AQS","160010010","1","0.044","ppm","41","Meridian - St. Luke's","17","100.0000","44201","Ozone","087","14260","Boise City, ID","16","Idaho","001","Ada","43.600699","-116.347853"
"03/26/2023","AQS","160010010","1","0.042","ppm","39","Meridian - St. Luke's","17","100.0000","44201","Ozone","087","14260","Boise City, ID","16","Idaho","001","Ada","43.600699","-116.347853"
"03/27/2023","AQS","160010010","1","0.041","ppm","38","Meridian - St. Luke's","17","100.0000","44201","Ozone","087","14260","Boise City, ID","16","Idaho","001","Ada","43.600699","-116.347853"
"03/28/2023","AQS","160010010","1","0.041","ppm","38","Meridian - St. Luke's","17","100.0000","44201","Ozone","087","14260","Boise City, ID","16","Idaho","001","Ada","43.600699","-116.347853"
"03/29/2023","AQS","160010010","1","0.045","ppm","42","Meridian - St. Luke's","17","100.0000","44201","Ozone","087","14260","Boise City, ID","16","Idaho","001","Ada","43.600699","-116.347853"
"03/30/2023","AQS","160010010","1","0.04","ppm","37","Meridian - St. Luke's","17","100.0000","44201","Ozone","087","14260","Boise City, ID","16","Idaho","001","Ada","43.600699","-116.347853"
"03/31/2023","AQS","160010010","1","0.041","ppm","38","Meridian - St. Luke's","17","100.0000","44201","Ozone","087","14260","Boise City, ID","16","Idaho","001","Ada","43.600699","-116.347853"
"04/01/2023","AQS","160010010","1","0.042","ppm","39","Meridian - St. Luke's","17","100.0000","44201","Ozone","087","14260","Boise City, ID","16","Idaho","001","Ada","43.600699","-116.347853"
"04/02/2023","AQS","160010010","1","0.044","ppm","41","Meridian - St. Luke's","17","100.0000","44201","Ozone","087","14260","Boise City, ID","16","Idaho","001","Ada","43.600699","-116.347853"
"04/03/2023","AQS","160010010","1","0.043","ppm","40","Meridian - St. Luke's","17","100.0000","44201","Ozone","087","14260","Boise City, ID","16","Idaho","001","Ada","43.600699","-116.347853"
"04/04/2023","AQS","160010010","1","0.041","ppm","38","Meridian - St. Luke's","17","100.0000","44201","Ozone","087","14260","Boise City, ID","16","Idaho","001","Ada","43.600699","-116.347853"
"04/05/2023","AQS","160010010","1","0.045","ppm","42","Meridian - St. Luke's","17","100.0000","44201","Ozone","087","14260","Boise City, ID","16","Idaho","001","Ada","43.600699","-116.347853"
"04/06/2023","AQS","160010010","1","0.051","ppm","47","Meridian - St. Luke's","17","100.0000","44201","Ozone","087","14260","Boise City, ID","16","Idaho","001","Ada","43.600699","-116.347853"
"04/07/2023","AQS","160010010","1","0.043","ppm","40","Meridian - St. Luke's","17","100.0000","44201","Ozone","087","14260","Boise City, ID","16","Idaho","001","Ada","43.600699","-116.347853"
"04/08/2023","AQS","160010010","1","0.044","ppm","41","Meridian - St. Luke's","17","100.0000","44201","Ozone","087","14260","Boise City, ID","16","Idaho","001","Ada","43.600699","-116.347853"
"04/09/2023","AQS","160010010","1","0.046","ppm","43","Meridian - St. Luke's","17","100.0000","44201","Ozone","087","14260","Boise City, ID","16","Idaho","001","Ada","43.600699","-116.347853"
"04/10/2023","AQS","160010010","1","0.046","ppm","43","Meridian - St. Luke's","17","100.0000","44201","Ozone","087","14260","Boise City, ID","16","Idaho","001","Ada","43.600699","-116.347853"
"04/11/2023","AQS","160010010","1","0.042","ppm","39","Meridian - St. Luke's","17","100.0000","44201","Ozone","087","14260","Boise City, ID","16","Idaho","001","Ada","43.600699","-116.347853"
"04/12/2023","AQS","160010010","1","0.048","ppm","44","Meridian - St. Luke's","17","100.0000","44201","Ozone","087","14260","Boise City, ID","16","Idaho","001","Ada","43.600699","-116.347853"
"04/13/2023","AQS","160010010","1","0.046","ppm","43","Meridian - St. Luke's","17","100.0000","44201","Ozone","087","14260","Boise City, ID","16","Idaho","001","Ada","43.600699","-116.347853"
"04/14/2023","AQS","160010010","1","0.047","ppm","44","Meridian - St. Luke's","17","100.0000","44201","Ozone","087","14260","Boise City, ID","16","Idaho","001","Ada","43.600699","-116.347853"
"04/15/2023","AQS","160010010","1","0.046","ppm","43","Meridian - St. Luke's","17","100.0000","44201","Ozone","087","14260","Boise City, ID","16","Idaho","001","Ada","43.600699","-116.347853"
"04/16/2023","AQS","160010010","1","0.051","ppm","47","Meridian - St. Luke's","17","100.0000","44201","Ozone","087","14260","Boise City, ID","16","Idaho","001","Ada","43.600699","-116.347853"
"04/17/2023","AQS","160010010","1","0.043","ppm","40","Meridian - St. Luke's","17","100.0000","44201","Ozone","087","14260","Boise City, ID","16","Idaho","001","Ada","43.600699","-116.347853"
"04/18/2023","AQS","160010010","1","0.043","ppm","40","Meridian - St. Luke's","17","100.0000","44201","Ozone","087","14260","Boise City, ID","16","Idaho","001","Ada","43.600699","-116.347853"
"04/19/2023","AQS","160010010","1","0.042","ppm","39","Meridian - St. Luke's","17","100.0000","44201","Ozone","087","14260","Boise City, ID","16","Idaho","001","Ada","43.600699","-116.347853"
"04/20/2023","AQS","160010010","1","0.051","ppm","47","Meridian - St. Luke's","17","100.0000","44201","Ozone","087","14260","Boise City, ID","16","Idaho","001","Ada","43.600699","-116.347853"
"04/21/2023","AQS","160010010","1","0.048","ppm","44","Meridian - St. Luke's","17","100.0000","44201","Ozone","087","14260","Boise City, ID","16","Idaho","001","Ada","43.600699","-116.347853"
"04/22/2023","AQS","160010010","1","0.05","ppm","46","Meridian - St. Luke's","17","100.0000","44201","Ozone","087","14260","Boise City, ID","16","Idaho","001","Ada","43.600699","-116.347853"
"04/23/2023","AQS","160010010","1","0.038","ppm","35","Meridian - St. Luke's","17","100.0000","44201","Ozone","087","14260","Boise City, ID","16","Idaho","001","Ada","43.600699","-116.347853"
"04/24/2023","AQS","160010010","1","0.043","ppm","40","Meridian - St. Luke's","17","100.0000","44201","Ozone","087","14260","Boise City, ID","16","Idaho","001","Ada","43.600699","-116.347853"
"04/25/2023","AQS","160010010","1","0.042","ppm","39","Meridian - St. Luke's","17","100.0000","44201","Ozone","087","14260","Boise City, ID","16","Idaho","001","Ada","43.600699","-116.347853"
"04/26/2023","AQS","160010010","1","0.048","ppm","44","Meridian - St. Luke's","17","100.0000","44201","Ozone","087","14260","Boise City, ID","16","Idaho","001","Ada","43.600699","-116.347853"
"04/27/2023","AQS","160010010","1","0.042","ppm","39","Meridian - St. Luke's","17","100.0000","44201","Ozone","087","14260","Boise City, ID","16","Idaho","001","Ada","43.600699","-116.347853"
"04/28/2023","AQS","160010010","1","0.057","ppm","58","Meridian - St. Luke's","17","100.0000","44201","Ozone","087","14260","Boise City, ID","16","Idaho","001","Ada","43.600699","-116.347853"
"04/29/2023","AQS","160010010","1","0.063","ppm","77","Meridian - St. Luke's","17","100.0000","44201","Ozone","087","14260","Boise City, ID","16","Idaho","001","Ada","43.600699","-116.347853"
"04/30/2023","AQS","160010010","1","0.056","ppm","54","Meridian - St. Luke's","17","100.0000","44201","Ozone","087","14260","Boise City, ID","16","Idaho","001","Ada","43.600699","-116.347853"
"05/01/2023","AQS","160010010","1","0.053","ppm","49","Meridian - St. Luke's","17","100.0000","44201","Ozone","087","14260","Boise City, ID","16","Idaho","001","Ada","43.600699","-116.347853"
"05/02/2023","AQS","160010010","1","0.048","ppm","44","Meridian - St. Luke's","17","100.0000","44201","Ozone","087","14260","Boise City, ID","16","Idaho","001","Ada","43.600699","-116.347853"
"05/03/2023","AQS","160010010","1","0.049","ppm","45","Meridian - St. Luke's","17","100.0000","44201","Ozone","087","14260","Boise City, ID","16","Idaho","001","Ada","43.600699","-116.347853"
"05/05/2023","AQS","160010010","1","0.035","ppm","32","Meridian - St. Luke's","17","100.0000","44201","Ozone","087","14260","Boise City, ID","16","Idaho","001","Ada","43.600699","-116.347853"
"05/06/2023","AQS","160010010","1","0.043","ppm","40","Meridian - St. Luke's","17","100.0000","44201","Ozone","087","14260","Boise City, ID","16","Idaho","001","Ada","43.600699","-116.347853"
"05/07/2023","AQS","160010010","1","0.043","ppm","40","Meridian - St. Luke's","17","100.0000","44201","Ozone","087","14260","Boise City, ID","16","Idaho","001","Ada","43.600699","-116.347853"
"05/08/2023","AQS","160010010","1","0.045","ppm","42","Meridian - St. Luke's","17","100.0000","44201","Ozone","087","14260","Boise City, ID","16","Idaho","001","Ada","43.600699","-116.347853"
"05/09/2023","AQS","160010010","1","0.046","ppm","43","Meridian - St. Luke's","13","76.0000","44201","Ozone","087","14260","Boise City, ID","16","Idaho","001","Ada","43.600699","-116.347853"
"05/11/2023","AQS","160010010","1","0.049","ppm","45","Meridian - St. Luke's","17","100.0000","44201","Ozone","087","14260","Boise City, ID","16","Idaho","001","Ada","43.600699","-116.347853"
"05/12/2023","AQS","160010010","1","0.047","ppm","44","Meridian - St. Luke's","17","100.0000","44201","Ozone","087","14260","Boise City, ID","16","Idaho","001","Ada","43.600699","-116.347853"
"05/13/2023","AQS","160010010","1","0.054","ppm","50","Meridian - St. Luke's","17","100.0000","44201","Ozone","087","14260","Boise City, ID","16","Idaho","001","Ada","43.600699","-116.347853"
"05/14/2023","AQS","160010010","1","0.043","ppm","40","Meridian - St. Luke's","17","100.0000","44201","Ozone","087","14260","Boise City, ID","16","Idaho","001","Ada","43.600699","-116.347853"
"05/15/2023","AQS","160010010","1","0.051","ppm","47","Meridian - St. Luke's","17","100.0000","44201","Ozone","087","14260","Boise City, ID","16","Idaho","001","Ada","43.600699","-116.347853"
"05/16/2023","AQS","160010010","1","0.056","ppm","54","Meridian - St. Luke's","17","100.0000","44201","Ozone","087","14260","Boise City, ID","16","Idaho","001","Ada","43.600699","-116.347853"
"05/17/2023","AQS","160010010","1","0.055","ppm","51","Meridian - St. Luke's","17","100.0000","44201","Ozone","087","14260","Boise City, ID","16","Idaho","001","Ada","43.600699","-116.347853"
"05/18/2023","AQS","160010010","1","0.055","ppm","51","Meridian - St. Luke's","17","100.0000","44201","Ozone","087","14260","Boise City, ID","16","Idaho","001","Ada","43.600699","-116.347853"
"05/19/2023","AQS","160010010","1","0.069","ppm","97","Meridian - St. Luke's","17","100.0000","44201","Ozone","087","14260","Boise City, ID","16","Idaho","001","Ada","43.600699","-116.347853"
"05/20/2023","AQS","160010010","1","0.067","ppm","90","Meridian - St. Luke's","17","100.0000","44201","Ozone","087","14260","Boise City, ID","16","Idaho","001","Ada","43.600699","-116.347853"
"05/21/2023","AQS","160010010","1","0.062","ppm","74","Meridian - St. Luke's","17","100.0000","44201","Ozone","087","14260","Boise City, ID","16","Idaho","001","Ada","43.600699","-116.347853"
"05/22/2023","AQS","160010010","1","0.046","ppm","43","Meridian - St. Luke's","17","100.0000","44201","Ozone","087","14260","Boise City, ID","16","Idaho","001","Ada","43.600699","-116.347853"
"05/23/2023","AQS","160010010","1","0.045","ppm","42","Meridian - St. Luke's","17","100.0000","44201","Ozone","087","14260","Boise City, ID","16","Idaho","001","Ada","43.600699","-116.347853"
"05/24/2023","AQS","160010010","1","0.051","ppm","47","Meridian - St. Luke's","17","100.0000","44201","Ozone","087","14260","Boise City, ID","16","Idaho","001","Ada","43.600699","-116.347853"
"05/25/2023","AQS","160010010","1","0.054","ppm","50","Meridian - St. Luke's","17","100.0000","44201","Ozone","087","14260","Boise City, ID","16","Idaho","001","Ada","43.600699","-116.347853"
"05/26/2023","AQS","160010010","1","0.049","ppm","45","Meridian - St. Luke's","17","100.0000","44201","Ozone","087","14260","Boise City, ID","16","Idaho","001","Ada","43.600699","-116.347853"
"05/27/2023","AQS","160010010","1","0.057","ppm","58","Meridian - St. Luke's","17","100.0000","44201","Ozone","087","14260","Boise City, ID","16","Idaho","001","Ada","43.600699","-116.347853"
"05/28/2023","AQS","160010010","1","0.052","ppm","48","Meridian - St. Luke's","17","100.0000","44201","Ozone","087","14260","Boise City, ID","16","Idaho","001","Ada","43.600699","-116.347853"
"05/29/2023","AQS","160010010","1","0.056","ppm","54","Meridian - St. Luke's","17","100.0000","44201","Ozone","087","14260","Boise City, ID","16","Idaho","001","Ada","43.600699","-116.347853"
"05/30/2023","AQS","160010010","1","0.055","ppm","51","Meridian - St. Luke's","17","100.0000","44201","Ozone","087","14260","Boise City, ID","16","Idaho","001","Ada","43.600699","-116.347853"
"05/31/2023","AQS","160010010","1","0.046","ppm","43","Meridian - St. Luke's","17","100.0000","44201","Ozone","087","14260","Boise City, ID","16","Idaho","001","Ada","43.600699","-116.347853"
"06/01/2023","AQS","160010010","1","0.055","ppm","51","Meridian - St. Luke's","17","100.0000","44201","Ozone","087","14260","Boise City, ID","16","Idaho","001","Ada","43.600699","-116.347853"
"06/02/2023","AQS","160010010","1","0.05","ppm","46","Meridian - St. Luke's","17","100.0000","44201","Ozone","087","14260","Boise City, ID","16","Idaho","001","Ada","43.600699","-116.347853"
"06/03/2023","AQS","160010010","1","0.051","ppm","47","Meridian - St. Luke's","17","100.0000","44201","Ozone","087","14260","Boise City, ID","16","Idaho","001","Ada","43.600699","-116.347853"
"06/04/2023","AQS","160010010","1","0.048","ppm","44","Meridian - St. Luke's","17","100.0000","44201","Ozone","087","14260","Boise City, ID","16","Idaho","001","Ada","43.600699","-116.347853"
"06/05/2023","AQS","160010010","1","0.052","ppm","48","Meridian - St. Luke's","17","100.0000","44201","Ozone","087","14260","Boise City, ID","16","Idaho","001","Ada","43.600699","-116.347853"
"06/06/2023","AQS","160010010","1","0.062","ppm","74","Meridian - St. Luke's","17","100.0000","44201","Ozone","087","14260","Boise City, ID","16","Idaho","001","Ada","43.600699","-116.347853"
"06/07/2023","AQS","160010010","1","0.057","ppm","58","Meridian - St. Luke's","17","100.0000","44201","Ozone","087","14260","Boise City, ID","16","Idaho","001","Ada","43.600699","-116.347853"
"06/08/2023","AQS","160010010","1","0.055","ppm","51","Meridian - St. Luke's","17","100.0000","44201","Ozone","087","14260","Boise City, ID","16","Idaho","001","Ada","43.600699","-116.347853"
"06/09/2023","AQS","160010010","1","0.047","ppm","44","Meridian - St. Luke's","17","100.0000","44201","Ozone","087","14260","Boise City, ID","16","Idaho","001","Ada","43.600699","-116.347853"
"06/10/2023","AQS","160010010","1","0.053","ppm","49","Meridian - St. Luke's","17","100.0000","44201","Ozone","087","14260","Boise City, ID","16","Idaho","001","Ada","43.600699","-116.347853"
"06/11/2023","AQS","160010010","1","0.05","ppm","46","Meridian - St. Luke's","17","100.0000","44201","Ozone","087","14260","Boise City, ID","16","Idaho","001","Ada","43.600699","-116.347853"
"06/12/2023","AQS","160010010","1","0.054","ppm","50","Meridian - St. Luke's","17","100.0000","44201","Ozone","087","14260","Boise City, ID","16","Idaho","001","Ada","43.600699","-116.347853"
"06/13/2023","AQS","160010010","1","0.053","ppm","49","Meridian - St. Luke's","17","100.0000","44201","Ozone","087","14260","Boise City, ID","16","Idaho","001","Ada","43.600699","-116.347853"
"06/14/2023","AQS","160010010","1","0.053","ppm","49","Meridian - St. Luke's","17","100.0000","44201","Ozone","087","14260","Boise City, ID","16","Idaho","001","Ada","43.600699","-116.347853"
"06/15/2023","AQS","160010010","1","0.042","ppm","39","Meridian - St. Luke's","17","100.0000","44201","Ozone","087","14260","Boise City, ID","16","Idaho","001","Ada","43.600699","-116.347853"
"06/16/2023","AQS","160010010","1","0.054","ppm","50","Meridian - St. Luke's","17","100.0000","44201","Ozone","087","14260","Boise City, ID","16","Idaho","001","Ada","43.600699","-116.347853"
"06/17/2023","AQS","160010010","1","0.042","ppm","39","Meridian - St. Luke's","17","100.0000","44201","Ozone","087","14260","Boise City, ID","16","Idaho","001","Ada","43.600699","-116.347853"
"06/18/2023","AQS","160010010","1","0.049","ppm","45","Meridian - St. Luke's","17","100.0000","44201","Ozone","087","14260","Boise City, ID","16","Idaho","001","Ada","43.600699","-116.347853"
"06/19/2023","AQS","160010010","1","0.039","ppm","36","Meridian - St. Luke's","17","100.0000","44201","Ozone","087","14260","Boise City, ID","16","Idaho","001","Ada","43.600699","-116.347853"
"06/20/2023","AQS","160010010","1","0.036","ppm","33","Meridian - St. Luke's","17","100.0000","44201","Ozone","087","14260","Boise City, ID","16","Idaho","001","Ada","43.600699","-116.347853"
"06/21/2023","AQS","160010010","1","0.042","ppm","39","Meridian - St. Luke's","17","100.0000","44201","Ozone","087","14260","Boise City, ID","16","Idaho","001","Ada","43.600699","-116.347853"
"06/22/2023","AQS","160010010","1","0.05","ppm","46","Meridian - St. Luke's","17","100.0000","44201","Ozone","087","14260","Boise City, ID","16","Idaho","001","Ada","43.600699","-116.347853"
"06/23/2023","AQS","160010010","1","0.043","ppm","40","Meridian - St. Luke's","17","100.0000","44201","Ozone","087","14260","Boise City, ID","16","Idaho","001","Ada","43.600699","-116.347853"
"06/24/2023","AQS","160010010","1","0.05","ppm","46","Meridian - St. Luke's","17","100.0000","44201","Ozone","087","14260","Boise City, ID","16","Idaho","001","Ada","43.600699","-116.347853"
"06/25/2023","AQS","160010010","1","0.052","ppm","48","Meridian - St. Luke's","17","100.0000","44201","Ozone","087","14260","Boise City, ID","16","Idaho","001","Ada","43.600699","-116.347853"
"06/26/2023","AQS","160010010","1","0.051","ppm","47","Meridian - St. Luke's","17","100.0000","44201","Ozone","087","14260","Boise City, ID","16","Idaho","001","Ada","43.600699","-116.347853"
"06/27/2023","AQS","160010010","1","0.05","ppm","46","Meridian - St. Luke's","17","100.0000","44201","Ozone","087","14260","Boise City, ID","16","Idaho","001","Ada","43.600699","-116.347853"
"06/28/2023","AQS","160010010","1","0.052","ppm","48","Meridian - St. Luke's","17","100.0000","44201","Ozone","087","14260","Boise City, ID","16","Idaho","001","Ada","43.600699","-116.347853"
"06/29/2023","AQS","160010010","1","0.054","ppm","50","Meridian - St. Luke's","17","100.0000","44201","Ozone","087","14260","Boise City, ID","16","Idaho","001","Ada","43.600699","-116.347853"
"06/30/2023","AQS","160010010","1","0.056","ppm","54","Meridian - St. Luke's","17","100.0000","44201","Ozone","087","14260","Boise City, ID","16","Idaho","001","Ada","43.600699","-116.347853"
"07/01/2023","AQS","160010010","1","0.052","ppm","48","Meridian - St. Luke's","17","100.0000","44201","Ozone","087","14260","Boise City, ID","16","Idaho","001","Ada","43.600699","-116.347853"
"07/02/2023","AQS","160010010","1","0.054","ppm","50","Meridian - St. Luke's","17","100.0000","44201","Ozone","087","14260","Boise City, ID","16","Idaho","001","Ada","43.600699","-116.347853"
"07/03/2023","AQS","160010010","1","0.044","ppm","41","Meridian - St. Luke's","17","100.0000","44201","Ozone","087","14260","Boise City, ID","16","Idaho","001","Ada","43.600699","-116.347853"
"07/04/2023","AQS","160010010","1","0.051","ppm","47","Meridian - St. Luke's","17","100.0000","44201","Ozone","087","14260","Boise City, ID","16","Idaho","001","Ada","43.600699","-116.347853"
"07/05/2023","AQS","160010010","1","0.058","ppm","61","Meridian - St. Luke's","17","100.0000","44201","Ozone","087","14260","Boise City, ID","16","Idaho","001","Ada","43.600699","-116.347853"
"07/06/2023","AQS","160010010","1","0.061","ppm","71","Meridian - St. Luke's","17","100.0000","44201","Ozone","087","14260","Boise City, ID","16","Idaho","001","Ada","43.600699","-116.347853"
"07/07/2023","AQS","160010010","1","0.06","ppm","67","Meridian - St. Luke's","17","100.0000","44201","Ozone","087","14260","Boise City, ID","16","Idaho","001","Ada","43.600699","-116.347853"
"07/08/2023","AQS","160010010","1","0.054","ppm","50","Meridian - St. Luke's","17","100.0000","44201","Ozone","087","14260","Boise City, ID","16","Idaho","001","Ada","43.600699","-116.347853"
"07/09/2023","AQS","160010010","1","0.059","ppm","64","Meridian - St. Luke's","17","100.0000","44201","Ozone","087","14260","Boise City, ID","16","Idaho","001","Ada","43.600699","-116.347853"
"07/10/2023","AQS","160010010","1","0.053","ppm","49","Meridian - St. Luke's","17","100.0000","44201","Ozone","087","14260","Boise City, ID","16","Idaho","001","Ada","43.600699","-116.347853"
"07/11/2023","AQS","160010010","1","0.052","ppm","48","Meridian - St. Luke's","17","100.0000","44201","Ozone","087","14260","Boise City, ID","16","Idaho","001","Ada","43.600699","-116.347853"
"07/12/2023","AQS","160010010","1","0.058","ppm","61","Meridian - St. Luke's","17","100.0000","44201","Ozone","087","14260","Boise City, ID","16","Idaho","001","Ada","43.600699","-116.347853"
"07/14/2023","AQS","160010010","1","0.05","ppm","46","Meridian - St. Luke's","13","76.0000","44201","Ozone","087","14260","Boise City, ID","16","Idaho","001","Ada","43.600699","-116.347853"
"07/15/2023","AQS","160010010","1","0.052","ppm","48","Meridian - St. Luke's","17","100.0000","44201","Ozone","087","14260","Boise City, ID","16","Idaho","001","Ada","43.600699","-116.347853"
"07/16/2023","AQS","160010010","1","0.059","ppm","64","Meridian - St. Luke's","17","100.0000","44201","Ozone","087","14260","Boise City, ID","16","Idaho","001","Ada","43.600699","-116.347853"
"07/17/2023","AQS","160010010","1","0.045","ppm","42","Meridian - St. Luke's","17","100.0000","44201","Ozone","087","14260","Boise City, ID","16","Idaho","001","Ada","43.600699","-116.347853"
"07/18/2023","AQS","160010010","1","0.054","ppm","50","Meridian - St. Luke's","17","100.0000","44201","Ozone","087","14260","Boise City, ID","16","Idaho","001","Ada","43.600699","-116.347853"
"07/19/2023","AQS","160010010","1","0.059","ppm","64","Meridian - St. Luke's","17","100.0000","44201","Ozone","087","14260","Boise City, ID","16","Idaho","001","Ada","43.600699","-116.347853"
"07/20/2023","AQS","160010010","1","0.06","ppm","67","Meridian - St. Luke's","17","100.0000","44201","Ozone","087","14260","Boise City, ID","16","Idaho","001","Ada","43.600699","-116.347853"
"07/21/2023","AQS","160010010","1","0.063","ppm","77","Meridian - St. Luke's","17","100.0000","44201","Ozone","087","14260","Boise City, ID","16","Idaho","001","Ada","43.600699","-116.347853"
"07/22/2023","AQS","160010010","1","0.059","ppm","64","Meridian - St. Luke's","17","100.0000","44201","Ozone","087","14260","Boise City, ID","16","Idaho","001","Ada","43.600699","-116.347853"
"07/23/2023","AQS","160010010","1","0.055","ppm","51","Meridian - St. Luke's","17","100.0000","44201","Ozone","087","14260","Boise City, ID","16","Idaho","001","Ada","43.600699","-116.347853"
"07/24/2023","AQS","160010010","1","0.048","ppm","44","Meridian - St. Luke's","17","100.0000","44201","Ozone","087","14260","Boise City, ID","16","Idaho","001","Ada","43.600699","-116.347853"
"07/25/2023","AQS","160010010","1","0.04","ppm","37","Meridian - St. Luke's","17","100.0000","44201","Ozone","087","14260","Boise City, ID","16","Idaho","001","Ada","43.600699","-116.347853"
"07/26/2023","AQS","160010010","1","0.04","ppm","37","Meridian - St. Luke's","17","100.0000","44201","Ozone","087","14260","Boise City, ID","16","Idaho","001","Ada","43.600699","-116.347853"
"07/27/2023","AQS","160010010","1","0.043","ppm","40","Meridian - St. Luke's","17","100.0000","44201","Ozone","087","14260","Boise City, ID","16","Idaho","001","Ada","43.600699","-116.347853"
"07/28/2023","AQS","160010010","1","0.056","ppm","54","Meridian - St. Luke's","17","100.0000","44201","Ozone","087","14260","Boise City, ID","16","Idaho","001","Ada","43.600699","-116.347853"
"07/29/2023","AQS","160010010","1","0.047","ppm","44","Meridian - St. Luke's","17","100.0000","44201","Ozone","087","14260","Boise City, ID","16","Idaho","001","Ada","43.600699","-116.347853"
"07/30/2023","AQS","160010010","1","0.041","ppm","38","Meridian - St. Luke's","17","100.0000","44201","Ozone","087","14260","Boise City, ID","16","Idaho","001","Ada","43.600699","-116.347853"
"07/31/2023","AQS","160010010","1","0.046","ppm","43","Meridian - St. Luke's","17","100.0000","44201","Ozone","087","14260","Boise City, ID","16","Idaho","001","Ada","43.600699","-116.347853"
"08/01/2023","AQS","160010010","1","0.061","ppm","71","Meridian - St. Luke's","17","100.0000","44201","Ozone","087","14260","Boise City, ID","16","Idaho","001","Ada","43.600699","-116.347853"
"08/02/2023","AQS","160010010","1","0.048","ppm","44","Meridian - St. Luke's","17","100.0000","44201","Ozone","087","14260","Boise City, ID","16","Idaho","001","Ada","43.600699","-116.347853"
"08/03/2023","AQS","160010010","1","0.05","ppm","46","Meridian - St. Luke's","17","100.0000","44201","Ozone","087","14260","Boise City, ID","16","Idaho","001","Ada","43.600699","-116.347853"
"08/04/2023","AQS","160010010","1","0.047","ppm","44","Meridian - St. Luke's","17","100.0000","44201","Ozone","087","14260","Boise City, ID","16","Idaho","001","Ada","43.600699","-116.347853"
"08/05/2023","AQS","160010010","1","0.057","ppm","58","Meridian - St. Luke's","17","100.0000","44201","Ozone","087","14260","Boise City, ID","16","Idaho","001","Ada","43.600699","-116.347853"
"08/06/2023","AQS","160010010","1","0.052","ppm","48","Meridian - St. Luke's","17","100.0000","44201","Ozone","087","14260","Boise City, ID","16","Idaho","001","Ada","43.600699","-116.347853"
"08/07/2023","AQS","160010010","1","0.048","ppm","44","Meridian - St. Luke's","17","100.0000","44201","Ozone","087","14260","Boise City, ID","16","Idaho","001","Ada","43.600699","-116.347853"
"08/08/2023","AQS","160010010","1","0.056","ppm","54","Meridian - St. Luke's","17","100.0000","44201","Ozone","087","14260","Boise City, ID","16","Idaho","001","Ada","43.600699","-116.347853"
"08/09/2023","AQS","160010010","1","0.055","ppm","51","Meridian - St. Luke's","17","100.0000","44201","Ozone","087","14260","Boise City, ID","16","Idaho","001","Ada","43.600699","-116.347853"
"08/10/2023","AQS","160010010","1","0.045","ppm","42","Meridian - St. Luke's","17","100.0000","44201","Ozone","087","14260","Boise City, ID","16","Idaho","001","Ada","43.600699","-116.347853"
"08/11/2023","AQS","160010010","1","0.051","ppm","47","Meridian - St. Luke's","17","100.0000","44201","Ozone","087","14260","Boise City, ID","16","Idaho","001","Ada","43.600699","-116.347853"
"08/12/2023","AQS","160010010","1","0.049","ppm","45","Meridian - St. Luke's","17","100.0000","44201","Ozone","087","14260","Boise City, ID","16","Idaho","001","Ada","43.600699","-116.347853"
"08/13/2023","AQS","160010010","1","0.051","ppm","47","Meridian - St. Luke's","17","100.0000","44201","Ozone","087","14260","Boise City, ID","16","Idaho","001","Ada","43.600699","-116.347853"
"08/14/2023","AQS","160010010","1","0.054","ppm","50","Meridian - St. Luke's","17","100.0000","44201","Ozone","087","14260","Boise City, ID","16","Idaho","001","Ada","43.600699","-116.347853"
"08/15/2023","AQS","160010010","1","0.055","ppm","51","Meridian - St. Luke's","17","100.0000","44201","Ozone","087","14260","Boise City, ID","16","Idaho","001","Ada","43.600699","-116.347853"
"08/16/2023","AQS","160010010","1","0.053","ppm","49","Meridian - St. Luke's","17","100.0000","44201","Ozone","087","14260","Boise City, ID","16","Idaho","001","Ada","43.600699","-116.347853"
"08/17/2023","AQS","160010010","1","0.048","ppm","44","Meridian - St. Luke's","17","100.0000","44201","Ozone","087","14260","Boise City, ID","16","Idaho","001","Ada","43.600699","-116.347853"
"08/18/2023","AQS","160010010","1","0.06","ppm","67","Meridian - St. Luke's","17","100.0000","44201","Ozone","087","14260","Boise City, ID","16","Idaho","001","Ada","43.600699","-116.347853"
"08/19/2023","AQS","160010010","1","0.053","ppm","49","Meridian - St. Luke's","17","100.0000","44201","Ozone","087","14260","Boise City, ID","16","Idaho","001","Ada","43.600699","-116.347853"
"08/20/2023","AQS","160010010","1","0.036","ppm","33","Meridian - St. Luke's","17","100.0000","44201","Ozone","087","14260","Boise City, ID","16","Idaho","001","Ada","43.600699","-116.347853"
"08/21/2023","AQS","160010010","1","0.034","ppm","31","Meridian - St. Luke's","17","100.0000","44201","Ozone","087","14260","Boise City, ID","16","Idaho","001","Ada","43.600699","-116.347853"
"08/22/2023","AQS","160010010","1","0.049","ppm","45","Meridian - St. Luke's","17","100.0000","44201","Ozone","087","14260","Boise City, ID","16","Idaho","001","Ada","43.600699","-116.347853"
"08/23/2023","AQS","160010010","1","0.054","ppm","50","Meridian - St. Luke's","17","100.0000","44201","Ozone","087","14260","Boise City, ID","16","Idaho","001","Ada","43.600699","-116.347853"
"08/24/2023","AQS","160010010","1","0.06","ppm","67","Meridian - St. Luke's","17","100.0000","44201","Ozone","087","14260","Boise City, ID","16","Idaho","001","Ada","43.600699","-116.347853"
"08/25/2023","AQS","160010010","1","0.052","ppm","48","Meridian - St. Luke's","17","100.0000","44201","Ozone","087","14260","Boise City, ID","16","Idaho","001","Ada","43.600699","-116.347853"
"08/26/2023","AQS","160010010","1","0.046","ppm","43","Meridian - St. Luke's","17","100.0000","44201","Ozone","087","14260","Boise City, ID","16","Idaho","001","Ada","43.600699","-116.347853"
"08/27/2023","AQS","160010010","1","0.055","ppm","51","Meridian - St. Luke's","17","100.0000","44201","Ozone","087","14260","Boise City, ID","16","Idaho","001","Ada","43.600699","-116.347853"
"08/28/2023","AQS","160010010","1","0.061","ppm","71","Meridian - St. Luke's","17","100.0000","44201","Ozone","087","14260","Boise City, ID","16","Idaho","001","Ada","43.600699","-116.347853"
"08/29/2023","AQS","160010010","1","0.049","ppm","45","Meridian - St. Luke's","17","100.0000","44201","Ozone","087","14260","Boise City, ID","16","Idaho","001","Ada","43.600699","-116.347853"
"08/30/2023","AQS","160010010","1","0.039","ppm","36","Meridian - St. Luke's","17","100.0000","44201","Ozone","087","14260","Boise City, ID","16","Idaho","001","Ada","43.600699","-116.347853"
"08/31/2023","AQS","160010010","1","0.048","ppm","44","Meridian - St. Luke's","17","100.0000","44201","Ozone","087","14260","Boise City, ID","16","Idaho","001","Ada","43.600699","-116.347853"
"09/02/2023","AQS","160010010","1","0.049","ppm","45","Meridian - St. Luke's","17","100.0000","44201","Ozone","087","14260","Boise City, ID","16","Idaho","001","Ada","43.600699","-116.347853"
"09/03/2023","AQS","160010010","1","0.04","ppm","37","Meridian - St. Luke's","17","100.0000","44201","Ozone","087","14260","Boise City, ID","16","Idaho","001","Ada","43.600699","-116.347853"
"09/04/2023","AQS","160010010","1","0.039","ppm","36","Meridian - St. Luke's","17","100.0000","44201","Ozone","087","14260","Boise City, ID","16","Idaho","001","Ada","43.600699","-116.347853"
"09/05/2023","AQS","160010010","1","0.046","ppm","43","Meridian - St. Luke's","17","100.0000","44201","Ozone","087","14260","Boise City, ID","16","Idaho","001","Ada","43.600699","-116.347853"
"09/06/2023","AQS","160010010","1","0.044","ppm","41","Meridian - St. Luke's","17","100.0000","44201","Ozone","087","14260","Boise City, ID","16","Idaho","001","Ada","43.600699","-116.347853"
"09/07/2023","AQS","160010010","1","0.049","ppm","45","Meridian - St. Luke's","17","100.0000","44201","Ozone","087","14260","Boise City, ID","16","Idaho","001","Ada","43.600699","-116.347853"
"09/08/2023","AQS","160010010","1","0.045","ppm","42","Meridian - St. Luke's","14","82.0000","44201","Ozone","087","14260","Boise City, ID","16","Idaho","001","Ada","43.600699","-116.347853"
"09/09/2023","AQS","160010010","1","0.052","ppm","48","Meridian - St. Luke's","17","100.0000","44201","Ozone","087","14260","Boise City, ID","16","Idaho","001","Ada","43.600699","-116.347853"
"09/10/2023","AQS","160010010","1","0.052","ppm","48","Meridian - St. Luke's","17","100.0000","44201","Ozone","087","14260","Boise City, ID","16","Idaho","001","Ada","43.600699","-116.347853"
"09/11/2023","AQS","160010010","1","0.052","ppm","48","Meridian - St. Luke's","17","100.0000","44201","Ozone","087","14260","Boise City, ID","16","Idaho","001","Ada","43.600699","-116.347853"
"09/12/2023","AQS","160010010","1","0.051","ppm","47","Meridian - St. Luke's","17","100.0000","44201","Ozone","087","14260","Boise City, ID","16","Idaho","001","Ada","43.600699","-116.347853"
"09/13/2023","AQS","160010010","1","0.037","ppm","34","Meridian - St. Luke's","17","100.0000","44201","Ozone","087","14260","Boise City, ID","16","Idaho","001","Ada","43.600699","-116.347853"
"09/14/2023","AQS","160010010","1","0.05","ppm","46","Meridian - St. Luke's","17","100.0000","44201","Ozone","087","14260","Boise City, ID","16","Idaho","001","Ada","43.600699","-116.347853"
"09/15/2023","AQS","160010010","1","0.05","ppm","46","Meridian - St. Luke's","17","100.0000","44201","Ozone","087","14260","Boise City, ID","16","Idaho","001","Ada","43.600699","-116.347853"
"09/16/2023","AQS","160010010","1","0.059","ppm","64","Meridian - St. Luke's","17","100.0000","44201","Ozone","087","14260","Boise City, ID","16","Idaho","001","Ada","43.600699","-116.347853"
"09/17/2023","AQS","160010010","1","0.057","ppm","58","Meridian - St. Luke's","17","100.0000","44201","Ozone","087","14260","Boise City, ID","16","Idaho","001","Ada","43.600699","-116.347853"
"09/18/2023","AQS","160010010","1","0.052","ppm","48","Meridian - St. Luke's","17","100.0000","44201","Ozone","087","14260","Boise City, ID","16","Idaho","001","Ada","43.600699","-116.347853"
"09/19/2023","AQS","160010010","1","0.046","ppm","43","Meridian - St. Luke's","17","100.0000","44201","Ozone","087","14260","Boise City, ID","16","Idaho","001","Ada","43.600699","-116.347853"
"09/20/2023","AQS","160010010","1","0.041","ppm","38","Meridian - St. Luke's","17","100.0000","44201","Ozone","087","14260","Boise City, ID","16","Idaho","001","Ada","43.600699","-116.347853"
"09/21/2023","AQS","160010010","1","0.039","ppm","36","Meridian - St. Luke's","17","100.0000","44201","Ozone","087","14260","Boise City, ID","16","Idaho","001","Ada","43.600699","-116.347853"
"09/22/2023","AQS","160010010","1","0.039","ppm","36","Meridian - St. Luke's","17","100.0000","44201","Ozone","087","14260","Boise City, ID","16","Idaho","001","Ada","43.600699","-116.347853"
"09/23/2023","AQS","160010010","1","0.043","ppm","40","Meridian - St. Luke's","17","100.0000","44201","Ozone","087","14260","Boise City, ID","16","Idaho","001","Ada","43.600699","-116.347853"
"09/24/2023","AQS","160010010","1","0.042","ppm","39","Meridian - St. Luke's","17","100.0000","44201","Ozone","087","14260","Boise City, ID","16","Idaho","001","Ada","43.600699","-116.347853"
"09/25/2023","AQS","160010010","1","0.047","ppm","44","Meridian - St. Luke's","17","100.0000","44201","Ozone","087","14260","Boise City, ID","16","Idaho","001","Ada","43.600699","-116.347853"
"09/26/2023","AQS","160010010","1","0.047","ppm","44","Meridian - St. Luke's","17","100.0000","44201","Ozone","087","14260","Boise City, ID","16","Idaho","001","Ada","43.600699","-116.347853"
"09/27/2023","AQS","160010010","1","0.039","ppm","36","Meridian - St. Luke's","17","100.0000","44201","Ozone","087","14260","Boise City, ID","16","Idaho","001","Ada","43.600699","-116.347853"
"09/28/2023","AQS","160010010","1","0.04","ppm","37","Meridian - St. Luke's","17","100.0000","44201","Ozone","087","14260","Boise City, ID","16","Idaho","001","Ada","43.600699","-116.347853"
"09/29/2023","AQS","160010010","1","0.043","ppm","40","Meridian - St. Luke's","17","100.0000","44201","Ozone","087","14260","Boise City, ID","16","Idaho","001","Ada","43.600699","-116.347853"
"09/30/2023","AQS","160010010","1","0.02","ppm","19","Meridian - St. Luke's","17","100.0000","44201","Ozone","087","14260","Boise City, ID","16","Idaho","001","Ada","43.600699","-116.347853"
"10/01/2023","AQS","160010010","1","0.019","ppm","18","Meridian - St. Luke's","17","100.0000","44201","Ozone","087","14260","Boise City, ID","16","Idaho","001","Ada","43.600699","-116.347853"
"10/02/2023","AQS","160010010","1","0.028","ppm","26","Meridian - St. Luke's","17","100.0000","44201","Ozone","087","14260","Boise City, ID","16","Idaho","001","Ada","43.600699","-116.347853"
"10/03/2023","AQS","160010010","1","0.026","ppm","24","Meridian - St. Luke's","17","100.0000","44201","Ozone","087","14260","Boise City, ID","16","Idaho","001","Ada","43.600699","-116.347853"
"10/04/2023","AQS","160010010","1","0.032","ppm","30","Meridian - St. Luke's","17","100.0000","44201","Ozone","087","14260","Boise City, ID","16","Idaho","001","Ada","43.600699","-116.347853"
"10/05/2023","AQS","160010010","1","0.035","ppm","32","Meridian - St. Luke's","17","100.0000","44201","Ozone","087","14260","Boise City, ID","16","Idaho","001","Ada","43.600699","-116.347853"
"10/06/2023","AQS","160010010","1","0.039","ppm","36","Meridian - St. Luke's","17","100.0000","44201","Ozone","087","14260","Boise City, ID","16","Idaho","001","Ada","43.600699","-116.347853"
"10/07/2023","AQS","160010010","1","0.037","ppm","34","Meridian - St. Luke's","17","100.0000","44201","Ozone","087","14260","Boise City, ID","16","Idaho","001","Ada","43.600699","-116.347853"
"10/08/2023","AQS","160010010","1","0.043","ppm","40","Meridian - St. Luke's","13","76.0000","44201","Ozone","087","14260","Boise City, ID","16","Idaho","001","Ada","43.600699","-116.347853"
"10/09/2023","AQS","160010010","1","0.035","ppm","32","Meridian - St. Luke's","17","100.0000","44201","Ozone","087","14260","Boise City, ID","16","Idaho","001","Ada","43.600699","-116.347853"
"10/10/2023","AQS","160010010","1","0.029","ppm","27","Meridian - St. Luke's","17","100.0000","44201","Ozone","087","14260","Boise City, ID","16","Idaho","001","Ada","43.600699","-116.347853"
"10/11/2023","AQS","160010010","1","0.034","ppm","31","Meridian - St. Luke's","17","100.0000","44201","Ozone","087","14260","Boise City, ID","16","Idaho","001","Ada","43.600699","-116.347853"
"10/12/2023","AQS","160010010","1","0.033","ppm","31","Meridian - St. Luke's","17","100.0000","44201","Ozone","087","14260","Boise City, ID","16","Idaho","001","Ada","43.600699","-116.347853"
"10/13/2023","AQS","160010010","1","0.034","ppm","31","Meridian - St. Luke's","17","100.0000","44201","Ozone","087","14260","Boise City, ID","16","Idaho","001","Ada","43.600699","-116.347853"
"10/14/2023","AQS","160010010","1","0.033","ppm","31","Meridian - St. Luke's","17","100.0000","44201","Ozone","087","14260","Boise City, ID","16","Idaho","001","Ada","43.600699","-116.347853"
"10/15/2023","AQS","160010010","1","0.036","ppm","33","Meridian - St. Luke's","17","100.0000","44201","Ozone","087","14260","Boise City, ID","16","Idaho","001","Ada","43.600699","-116.347853"
"10/16/2023","AQS","160010010","1","0.029","ppm","27","Meridian - St. Luke's","17","100.0000","44201","Ozone","087","14260","Boise City, ID","16","Idaho","001","Ada","43.600699","-116.347853"
"10/17/2023","AQS","160010010","1","0.041","ppm","38","Meridian - St. Luke's","17","100.0000","44201","Ozone","087","14260","Boise City, ID","16","Idaho","001","Ada","43.600699","-116.347853"
"10/18/2023","AQS","160010010","1","0.038","ppm","35","Meridian - St. Luke's","17","100.0000","44201","Ozone","087","14260","Boise City, ID","16","Idaho","001","Ada","43.600699","-116.347853"
"10/19/2023","AQS","160010010","1","0.034","ppm","31","Meridian - St. Luke's","17","100.0000","44201","Ozone","087","14260","Boise City, ID","16","Idaho","001","Ada","43.600699","-116.347853"
"10/20/2023","AQS","160010010","1","0.035","ppm","32","Meridian - St. Luke's","17","100.0000","44201","Ozone","087","14260","Boise City, ID","16","Idaho","001","Ada","43.600699","-116.347853"
"10/21/2023","AQS","160010010","1","0.042","ppm","39","Meridian - St. Luke's","17","100.0000","44201","Ozone","087","14260","Boise City, ID","16","Idaho","001","Ada","43.600699","-116.347853"
"10/22/2023","AQS","160010010","1","0.034","ppm","31","Meridian - St. Luke's","17","100.0000","44201","Ozone","087","14260","Boise City, ID","16","Idaho","001","Ada","43.600699","-116.347853"
"10/23/2023","AQS","160010010","1","0.036","ppm","33","Meridian - St. Luke's","17","100.0000","44201","Ozone","087","14260","Boise City, ID","16","Idaho","001","Ada","43.600699","-116.347853"
"10/24/2023","AQS","160010010","1","0.037","ppm","34","Meridian - St. Luke's","17","100.0000","44201","Ozone","087","14260","Boise City, ID","16","Idaho","001","Ada","43.600699","-116.347853"
"10/25/2023","AQS","160010010","1","0.035","ppm","32","Meridian - St. Luke's","17","100.0000","44201","Ozone","087","14260","Boise City, ID","16","Idaho","001","Ada","43.600699","-116.347853"
"10/26/2023","AQS","160010010","1","0.033","ppm","31","Meridian - St. Luke's","17","100.0000","44201","Ozone","087","14260","Boise City, ID","16","Idaho","001","Ada","43.600699","-116.347853"
"10/27/2023","AQS","160010010","1","0.032","ppm","30","Meridian - St. Luke's","17","100.0000","44201","Ozone","087","14260","Boise City, ID","16","Idaho","001","Ada","43.600699","-116.347853"
"10/28/2023","AQS","160010010","1","0.035","ppm","32","Meridian - St. Luke's","17","100.0000","44201","Ozone","087","14260","Boise City, ID","16","Idaho","001","Ada","43.600699","-116.347853"
"10/29/2023","AQS","160010010","1","0.033","ppm","31","Meridian - St. Luke's","17","100.0000","44201","Ozone","087","14260","Boise City, ID","16","Idaho","001","Ada","43.600699","-116.347853"
"10/30/2023","AQS","160010010","1","0.03","ppm","28","Meridian - St. Luke's","17","100.0000","44201","Ozone","087","14260","Boise City, ID","16","Idaho","001","Ada","43.600699","-116.347853"
"10/31/2023","AQS","160010010","1","0.025","ppm","23","Meridian - St. Luke's","17","100.0000","44201","Ozone","087","14260","Boise City, ID","16","Idaho","001","Ada","43.600699","-116.347853"
"11/01/2023","AQS","160010010","1","0.031","ppm","29","Meridian - St. Luke's","17","100.0000","44201","Ozone","087","14260","Boise City, ID","16","Idaho","001","Ada","43.600699","-116.347853"
"11/02/2023","AQS","160010010","1","0.005","ppm","5","Meridian - St. Luke's","17","100.0000","44201","Ozone","087","14260","Boise City, ID","16","Idaho","001","Ada","43.600699","-116.347853"
"11/03/2023","AQS","160010010","1","0.011","ppm","10","Meridian - St. Luke's","17","100.0000","44201","Ozone","087","14260","Boise City, ID","16","Idaho","001","Ada","43.600699","-116.347853"
"11/04/2023","AQS","160010010","1","0.011","ppm","10","Meridian - St. Luke's","17","100.0000","44201","Ozone","087","14260","Boise City, ID","16","Idaho","001","Ada","43.600699","-116.347853"
"11/05/2023","AQS","160010010","1","0.026","ppm","24","Meridian - St. Luke's","17","100.0000","44201","Ozone","087","14260","Boise City, ID","16","Idaho","001","Ada","43.600699","-116.347853"
"11/06/2023","AQS","160010010","1","0.026","ppm","24","Meridian - St. Luke's","17","100.0000","44201","Ozone","087","14260","Boise City, ID","16","Idaho","001","Ada","43.600699","-116.347853"
"11/07/2023","AQS","160010010","1","0.035","ppm","32","Meridian - St. Luke's","17","100.0000","44201","Ozone","087","14260","Boise City, ID","16","Idaho","001","Ada","43.600699","-116.347853"
"11/08/2023","AQS","160010010","1","0.035","ppm","32","Meridian - St. Luke's","17","100.0000","44201","Ozone","087","14260","Boise City, ID","16","Idaho","001","Ada","43.600699","-116.347853"
"11/09/2023","AQS","160010010","1","0.03","ppm","28","Meridian - St. Luke's","17","100.0000","44201","Ozone","087","14260","Boise City, ID","16","Idaho","001","Ada","43.600699","-116.347853"
"11/10/2023","AQS","160010010","1","0.028","ppm","26","Meridian - St. Luke's","17","100.0000","44201","Ozone","087","14260","Boise City, ID","16","Idaho","001","Ada","43.600699","-116.347853"
"11/11/2023","AQS","160010010","1","0.033","ppm","31","Meridian - St. Luke's","17","100.0000","44201","Ozone","087","14260","Boise City, ID","16","Idaho","001","Ada","43.600699","-116.347853"
"11/12/2023","AQS","160010010","1","0.033","ppm","31","Meridian - St. Luke's","17","100.0000","44201","Ozone","087","14260","Boise City, ID","16","Idaho","001","Ada","43.600699","-116.347853"
"11/13/2023","AQS","160010010","1","0.021","ppm","19","Meridian - St. Luke's","17","100.0000","44201","Ozone","087","14260","Boise City, ID","16","Idaho","001","Ada","43.600699","-116.347853"
"11/14/2023","AQS","160010010","1","0.022","ppm","20","Meridian - St. Luke's","17","100.0000","44201","Ozone","087","14260","Boise City, ID","16","Idaho","001","Ada","43.600699","-116.347853"
"11/15/2023","AQS","160010010","1","0.026","ppm","24","Meridian - St. Luke's","17","100.0000","44201","Ozone","087","14260","Boise City, ID","16","Idaho","001","Ada","43.600699","-116.347853"
"11/16/2023","AQS","160010010","1","0.029","ppm","27","Meridian - St. Luke's","17","100.0000","44201","Ozone","087","14260","Boise City, ID","16","Idaho","001","Ada","43.600699","-116.347853"
"11/17/2023","AQS","160010010","1","0.027","ppm","25","Meridian - St. Luke's","17","100.0000","44201","Ozone","087","14260","Boise City, ID","16","Idaho","001","Ada","43.600699","-116.347853"
"11/18/2023","AQS","160010010","1","0.029","ppm","27","Meridian - St. Luke's","17","100.0000","44201","Ozone","087","14260","Boise City, ID","16","Idaho","001","Ada","43.600699","-116.347853"
"11/19/2023","AQS","160010010","1","0.038","ppm","35","Meridian - St. Luke's","17","100.0000","44201","Ozone","087","14260","Boise City, ID","16","Idaho","001","Ada","43.600699","-116.347853"
"11/20/2023","AQS","160010010","1","0.031","ppm","29","Meridian - St. Luke's","17","100.0000","44201","Ozone","087","14260","Boise City, ID","16","Idaho","001","Ada","43.600699","-116.347853"
"11/21/2023","AQS","160010010","1","0.019","ppm","18","Meridian - St. Luke's","17","100.0000","44201","Ozone","087","14260","Boise City, ID","16","Idaho","001","Ada","43.600699","-116.347853"
"11/22/2023","AQS","160010010","1","0.015","ppm","14","Meridian - St. Luke's","17","100.0000","44201","Ozone","087","14260","Boise City, ID","16","Idaho","001","Ada","43.600699","-116.347853"
"11/23/2023","AQS","160010010","1","0.032","ppm","30","Meridian - St. Luke's","17","100.0000","44201","Ozone","087","14260","Boise City, ID","16","Idaho","001","Ada","43.600699","-116.347853"
"11/24/2023","AQS","160010010","1","0.025","ppm","23","Meridian - St. Luke's","17","100.0000","44201","Ozone","087","14260","Boise City, ID","16","Idaho","001","Ada","43.600699","-116.347853"
"11/25/2023","AQS","160010010","1","0.025","ppm","23","Meridian - St. Luke's","17","100.0000","44201","Ozone","087","14260","Boise City, ID","16","Idaho","001","Ada","43.600699","-116.347853"
"11/26/2023","AQS","160010010","1","0.024","ppm","22","Meridian - St. Luke's","17","100.0000","44201","Ozone","087","14260","Boise City, ID","16","Idaho","001","Ada","43.600699","-116.347853"
"11/27/2023","AQS","160010010","1","0.02","ppm","19","Meridian - St. Luke's","17","100.0000","44201","Ozone","087","14260","Boise City, ID","16","Idaho","001","Ada","43.600699","-116.347853"
"11/28/2023","AQS","160010010","1","0.02","ppm","19","Meridian - St. Luke's","17","100.0000","44201","Ozone","087","14260","Boise City, ID","16","Idaho","001","Ada","43.600699","-116.347853"
"11/29/2023","AQS","160010010","1","0.015","ppm","14","Meridian - St. Luke's","17","100.0000","44201","Ozone","087","14260","Boise City, ID","16","Idaho","001","Ada","43.600699","-116.347853"
"11/30/2023","AQS","160010010","1","0.017","ppm","16","Meridian - St. Luke's","17","100.0000","44201","Ozone","087","14260","Boise City, ID","16","Idaho","001","Ada","43.600699","-116.347853"
"12/01/2023","AQS","160010010","1","0.02","ppm","19","Meridian - St. Luke's","17","100.0000","44201","Ozone","087","14260","Boise City, ID","16","Idaho","001","Ada","43.600699","-116.347853"
"12/02/2023","AQS","160010010","1","0.032","ppm","30","Meridian - St. Luke's","17","100.0000","44201","Ozone","087","14260","Boise City, ID","16","Idaho","001","Ada","43.600699","-116.347853"
"12/03/2023","AQS","160010010","1","0.029","ppm","27","Meridian - St. Luke's","17","100.0000","44201","Ozone","087","14260","Boise City, ID","16","Idaho","001","Ada","43.600699","-116.347853"
"12/04/2023","AQS","160010010","1","0.023","ppm","21","Meridian - St. Luke's","17","100.0000","44201","Ozone","087","14260","Boise City, ID","16","Idaho","001","Ada","43.600699","-116.347853"
"12/06/2023","AQS","160010010","1","0.024","ppm","22","Meridian - St. Luke's","13","76.0000","44201","Ozone","087","14260","Boise City, ID","16","Idaho","001","Ada","43.600699","-116.347853"
"12/07/2023","AQS","160010010","1","0.033","ppm","31","Meridian - St. Luke's","13","76.0000","44201","Ozone","087","14260","Boise City, ID","16","Idaho","001","Ada","43.600699","-116.347853"
"12/08/2023","AQS","160010010","1","0.035","ppm","32","Meridian - St. Luke's","17","100.0000","44201","Ozone","087","14260","Boise City, ID","16","Idaho","001","Ada","43.600699","-116.347853"
"12/09/2023","AQS","160010010","1","0.031","ppm","29","Meridian - St. Luke's","17","100.0000","44201","Ozone","087","14260","Boise City, ID","16","Idaho","001","Ada","43.600699","-116.347853"
"12/10/2023","AQS","160010010","1","0.02","ppm","19","Meridian - St. Luke's","17","100.0000","44201","Ozone","087","14260","Boise City, ID","16","Idaho","001","Ada","43.600699","-116.347853"
"12/11/2023","AQS","160010010","1","0.018","ppm","17","Meridian - St. Luke's","17","100.0000","44201","Ozone","087","14260","Boise City, ID","16","Idaho","001","Ada","43.600699","-116.347853"
"12/12/2023","AQS","160010010","1","0.022","ppm","20","Meridian - St. Luke's","17","100.0000","44201","Ozone","087","14260","Boise City, ID","16","Idaho","001","Ada","43.600699","-116.347853"
"12/13/2023","AQS","160010010","1","0.024","ppm","22","Meridian - St. Luke's","17","100.0000","44201","Ozone","087","14260","Boise City, ID","16","Idaho","001","Ada","43.600699","-116.347853"
"12/14/2023","AQS","160010010","1","0.02","ppm","19","Meridian - St. Luke's","17","100.0000","44201","Ozone","087","14260","Boise City, ID","16","Idaho","001","Ada","43.600699","-116.347853"
"12/15/2023","AQS","160010010","1","0.015","ppm","14","Meridian - St. Luke's","17","100.0000","44201","Ozone","087","14260","Boise City, ID","16","Idaho","001","Ada","43.600699","-116.347853"
"12/16/2023","AQS","160010010","1","0.008","ppm","7","Meridian - St. Luke's","17","100.0000","44201","Ozone","087","14260","Boise City, ID","16","Idaho","001","Ada","43.600699","-116.347853"
"12/17/2023","AQS","160010010","1","0.014","ppm","13","Meridian - St. Luke's","17","100.0000","44201","Ozone","087","14260","Boise City, ID","16","Idaho","001","Ada","43.600699","-116.347853"
"12/18/2023","AQS","160010010","1","0.006","ppm","6","Meridian - St. Luke's","17","100.0000","44201","Ozone","087","14260","Boise City, ID","16","Idaho","001","Ada","43.600699","-116.347853"
"12/19/2023","AQS","160010010","1","0.004","ppm","4","Meridian - St. Luke's","17","100.0000","44201","Ozone","087","14260","Boise City, ID","16","Idaho","001","Ada","43.600699","-116.347853"
"12/20/2023","AQS","160010010","1","0.004","ppm","4","Meridian - St. Luke's","17","100.0000","44201","Ozone","087","14260","Boise City, ID","16","Idaho","001","Ada","43.600699","-116.347853"
"12/21/2023","AQS","160010010","1","0.006","ppm","6","Meridian - St. Luke's","17","100.0000","44201","Ozone","087","14260","Boise City, ID","16","Idaho","001","Ada","43.600699","-116.347853"
"12/22/2023","AQS","160010010","1","0.018","ppm","17","Meridian - St. Luke's","17","100.0000","44201","Ozone","087","14260","Boise City, ID","16","Idaho","001","Ada","43.600699","-116.347853"
"12/23/2023","AQS","160010010","1","0.033","ppm","31","Meridian - St. Luke's","17","100.0000","44201","Ozone","087","14260","Boise City, ID","16","Idaho","001","Ada","43.600699","-116.347853"
"12/24/2023","AQS","160010010","1","0.029","ppm","27","Meridian - St. Luke's","17","100.0000","44201","Ozone","087","14260","Boise City, ID","16","Idaho","001","Ada","43.600699","-116.347853"
"12/25/2023","AQS","160010010","1","0.028","ppm","26","Meridian - St. Luke's","17","100.0000","44201","Ozone","087","14260","Boise City, ID","16","Idaho","001","Ada","43.600699","-116.347853"
"12/26/2023","AQS","160010010","1","0.025","ppm","23","Meridian - St. Luke's","17","100.0000","44201","Ozone","087","14260","Boise City, ID","16","Idaho","001","Ada","43.600699","-116.347853"
"12/27/2023","AQS","160010010","1","0.027","ppm","25","Meridian - St. Luke's","17","100.0000","44201","Ozone","087","14260","Boise City, ID","16","Idaho","001","Ada","43.600699","-116.347853"
"12/28/2023","AQS","160010010","1","0.02","ppm","19","Meridian - St. Luke's","17","100.0000","44201","Ozone","087","14260","Boise City, ID","16","Idaho","001","Ada","43.600699","-116.347853"
"12/29/2023","AQS","160010010","1","0.018","ppm","17","Meridian - St. Luke's","17","100.0000","44201","Ozone","087","14260","Boise City, ID","16","Idaho","001","Ada","43.600699","-116.347853"
"12/30/2023","AQS","160010010","1","0.016","ppm","15","Meridian - St. Luke's","17","100.0000","44201","Ozone","087","14260","Boise City, ID","16","Idaho","001","Ada","43.600699","-116.347853"
